Workbook

Sheet products
A2: product id | B2: product | C2: price | E2: Q.6
A3: 101 | B3: product A | C3: 120 | E3: =IF(ISNA(VLOOKUP(A3,order!$B$1:$C$7,1,0)),"Not Ordered","Ordered") -> Ordered
A4: 102 | B4: product B | C4: 150 | E4: =IF(ISNA(VLOOKUP(A4,order!$B$1:$C$7,1,0)),"Not Ordered","Ordered") -> Ordered
A5: 103 | B5: product C | C5: 200 | E5: =IF(ISNA(VLOOKUP(A5,order!$B$1:$C$7,1,0)),"Not Ordered","Ordered") -> Ordered
A6: 104 | B6: product D | C6: 90 | E6: =IF(ISNA(VLOOKUP(A6,order!$B$1:$C$7,1,0)),"Not Ordered","Ordered") -> Ordered
A7: 105 | B7: product E | C7: 220 | E7: =IF(ISNA(VLOOKUP(A7,order!$B$1:$C$7,1,0)),"Not Ordered","Ordered") -> Ordered
A8: 106 | B8: product F | C8: 130 | E8: =IF(ISNA(VLOOKUP(A8,order!$B$1:$C$7,1,0)),"Not Ordered","Ordered") -> Ordered
D9: 110 | E9: =IF(ISNA(VLOOKUP(A9,order!$B$1:$C$7,1,0)),"Not Ordered","Ordered") -> Not Ordered

Sheet order
A1: orderid | B1: productid | C1: quantity | D1: Total price | E1: Q.1 | F1: Q.2 | G1: Q.3 | H1: Q.4 | I1: Q.5 | J1: Q.5 | K1: Q.7
A2: 1 | B2: 101 | C2: 2 | E2: =VLOOKUP(B2,products!$A$3:$C$8,2,FALSE) -> product A | F2: =VLOOKUP(B2,products!$A$3:$C$8,3,FALSE)*C2 -> 240 | G2: =IF(ISNA(VLOOKUP(B2,products!$A$3:$C$8,1,FALSE)),"Not found","Exists") -> Exists | H2: =VLOOKUP(B2,products!$A$3:$C$8,3,0)*0.9 -> 108 | I2: =VLOOKUP(B2,products!$A$3:$C$8,3,0)*C2 -> 240 | J2: =MAX(I2:I7) -> 880 | K2: =VLOOKUP(B2,products!$A$2:$C$8,2,0) -> product A
A3: 2 | B3: 103 | C3: 1 | E3: =VLOOKUP(B3,products!$A$3:$C$8,2,FALSE) -> product C | F3: =VLOOKUP(B3,products!$A$3:$C$8,3,FALSE)*C3 -> 200 | G3: =IF(ISNA(VLOOKUP(B3,products!$A$3:$C$8,1,FALSE)),"Not found","Exists") -> Exists | H3: =VLOOKUP(B3,products!$A$3:$C$8,3,0)*0.9 -> 180 | I3: =VLOOKUP(B3,products!$A$3:$C$8,3,0)*C3 -> 200 | K3: =VLOOKUP(B3,products!$A$2:$C$8,2,0) -> product C
A4: 3 | B4: 105 | C4: 4 | E4: =VLOOKUP(B4,products!$A$3:$C$8,2,FALSE) -> product E | F4: =VLOOKUP(B4,products!$A$3:$C$8,3,FALSE)*C4 -> 880 | G4: =IF(ISNA(VLOOKUP(B4,products!$A$3:$C$8,1,FALSE)),"Not found","Exists") -> Exists | H4: =VLOOKUP(B4,products!$A$3:$C$8,3,0)*0.9 -> 198 | I4: =VLOOKUP(B4,products!$A$3:$C$8,3,0)*C4 -> 880 | K4: =VLOOKUP(B4,products!$A$2:$C$8,2,0) -> product E
A5: 4 | B5: 106 | C5: 3 | E5: =VLOOKUP(B5,products!$A$3:$C$8,2,FALSE) -> product F | F5: =VLOOKUP(B5,products!$A$3:$C$8,3,FALSE)*C5 -> 390 | G5: =IF(ISNA(VLOOKUP(B5,products!$A$3:$C$8,1,FALSE)),"Not found","Exists") -> Exists | H5: =VLOOKUP(B5,products!$A$3:$C$8,3,0)*0.9 -> 117 | I5: =VLOOKUP(B5,products!$A$3:$C$8,3,0)*C5 -> 390 | K5: =VLOOKUP(B5,products!$A$2:$C$8,2,0) -> product F
A6: 5 | B6: 102 | C6: 5 | E6: =VLOOKUP(B6,products!$A$3:$C$8,2,FALSE) -> product B | F6: =VLOOKUP(B6,products!$A$3:$C$8,3,FALSE)*C6 -> 750 | G6: =IF(ISNA(VLOOKUP(B6,products!$A$3:$C$8,1,FALSE)),"Not found","Exists") -> Exists | H6: =VLOOKUP(B6,products!$A$3:$C$8,3,0)*0.9 -> 135 | I6: =VLOOKUP(B6,products!$A$3:$C$8,3,0)*C6 -> 750 | K6: =VLOOKUP(B6,products!$A$2:$C$8,2,0) -> product B
A7: 6 | B7: 104 | C7: 6 | E7: =VLOOKUP(B7,products!$A$3:$C$8,2,FALSE) -> product D | F7: =VLOOKUP(B7,products!$A$3:$C$8,3,FALSE)*C7 -> 540 | G7: =IF(ISNA(VLOOKUP(B7,products!$A$3:$C$8,1,FALSE)),"Not found","Exists") -> Exists | H7: =VLOOKUP(B7,products!$A$3:$C$8,3,0)*0.9 -> 81 | I7: =VLOOKUP(B7,products!$A$3:$C$8,3,0)*C7 -> 540 | K7: =VLOOKUP(B7,products!$A$2:$C$8,2,0) -> product D
A12: Q.1 Use VLOOKUP to find the product names for each ProductID in the Orders worksheet.
A13: Q.2 Use VLOOKUP to find the price for each ProductID in the Orders worksheet, then calculate the TotalPrice by multiplying the Quantity by the Product Price.
A14: Q.3 Use VLOOKUP to check if there are any ProductIDs in the Orders worksheet that do not exist in the Products worksheet.
A15: Q.4 Assume a discount of 10% is given on all products. Use VLOOKUP to find the original price and then calculate the discounted price.
A16: Q.5 Use VLOOKUP to find the price for each ProductID and then calculate the order value. Find the maximum order value from the list.
A17: Q.6 Use VLOOKUP to find out which products from the Products worksheet have not been ordered.
A18: Q.7 Use VLOOKUP to find the Product name and summarize the total quantity sold for each product.
